survey_year,city_median_rent_per_m2,avg_lower_bound_per_m2,avg_upper_bound_per_m2
2023,7.61,6.597640449438203,9.77370786516854
2021,7.22,6.259213483146067,9.272696629213483
2019,7.14,6.19123595505618,9.171685393258427
2017,6.859999999999999,6.04304347826087,8.96945652173913
